frame_id,grate0-1,grate0-2,grate0-3,grate0-4,grate1-1,grate1-2,grate11-1,grate11-2,grate11-3,grate11-4,grate12-1,grate12-2,grate4-1,grate4-2,grate4-3,grate4-4,grate8-1,grate8-2,grate8-3,grate8-4
0,0.39562947411896177,0.056506235722309485,0.2727759136493759,0.42408509991776544,0.13799387717515763,0.06280774352725153,0.004064312313298693,0.3943260791178564,0.3943260791178564,0.030187150111903736,0.42815192284938397,0.4287208575843341,0.3428313134388033,0.18439096506953667,0.07027923928235405,0.20357625831527315,0.1918275888686585,0.3065510364553445,0.1918275888686585,0.35536042654181593
1,0.6386755481995432,0.07981000324372726,0.4323453834395656,0.42408509991776544,0.16582351179985763,0.06070819443409895,0.0034550108500692434,0.36672617299789334,0.36672617299789334,0.021424344703902757,0.5101305707763146,0.4287208575843341,0.41797262452961437,0.21483061498934095,0.22817086422677482,0.39593628827535526,0.18127864027781515,0.1962420381748212,0.18127864027781515,0.41714589135126784
2,0.08802957184429058,0.011562909153137797,0.2836451128199437,0.42408509991776544,0.1760614452166099,0.06061555492826609,0.0036885902649545863,0.3943260791178564,0.3943260791178564,0.030386626915233094,0.43124681505433077,0.4287208575843341,0.2341355575877939,0.2405984757457764,0.03008867109022815,0.0903830392137505,0.21169028005194784,0.28154020781088196,0.21169028005194784,0.29963301808360965
3,0.04290639615719426,0.007253076541215258,0.2713463549895846,0.3574395209931707,0.17597252737476643,0.06298253492003836,0.0053611948751001795,0.36985990926218293,0.36985990926218293,0.003323109645782893,0.35291337722819044,0.43772845180367403,0.10467621563513223,0.08099466574782686,0.17572971020090894,0.09293239135754558,0.14807143889792018,0.2618057496562388,0.14807143889792018,0.18963365464527476
4,0.018883604804733875,0.01067865145135244,0.24176809440580194,0.3574395209931707,0.1626462233913124,0.05809687145455423,0.0042515265696991215,0.36985990926218293,0.36985990926218293,0.00510386177868689,0.31781530691343896,0.43772845180367403,0.08233099720040796,0.08086694461906016,0.12120740683042974,0.07770326160380293,0.1432103337795078,0.2247766244571032,0.1432103337795078,0.176849534894083
5,0.05093784987881446,0.008254432777124551,0.16661314327544646,0.3555375732367707,0.11739222385385906,0.04730052800662265,0.004547265662442301,0.3943260791178564,0.3943260791178564,0.01536953764530929,0.3394443320154607,0.4287208575843341,0.14384020236432918,0.09754300837304698,0.07198551416697051,0.09522749808953922,0.15790296136608492,0.21019209343642847,0.15790296136608492,0.231049474418557
6,0.04534205216784367,0.015307173229944208,0.24123761108649583,0.3555375732367707,0.16632742824101196,0.0574364588983396,0.008105697772268059,0.3943260791178564,0.3943260791178564,0.012487804625488404,0.31292111443545806,0.4287208575843341,0.13411246153976103,0.10760150549736978,0.04105453892354506,0.12917908153614244,0.14889475110041134,0.2507115055182895,0.14889475110041134,0.2661610740243266
7,0.03861027127593653,0.04605188213640031,0.38177258187450086,0.3899545932759163,0.1646448054679537,0.1633249381129374,0.0140116066916309,0.38141090917352094,0.38141090917352094,0.010671356959628807,0.5623131393352021,0.45770105365271213,0.5661174450723361,0.4273150800574466,0.0697916316670917,0.08309002820399987,0.33605936875786024,0.46095455610978886,0.33605936875786024,0.5384437351887105
8,0.15399483725977084,0.0075513104357153825,0.18758235959372915,0.3555375732367707,0.14423970867172622,0.04712688497006876,0.004315704114039066,0.3943260791178564,0.3943260791178564,0.01572671669107961,0.352133708033638,0.4287208575843341,0.19468182008513676,0.09792998658962301,0.08652805115238592,0.15143490536973198,0.14204514021196152,0.19253404572943572,0.14204514021196152,0.23757439202598854
9,0.07423246846838553,0.015002887677513009,0.31954187053659394,0.42408509991776544,0.13363802919370193,0.04892576956988032,0.011544393079757923,0.3943260791178564,0.3943260791178564,0.0595442777544229,0.43343199337366567,0.4287208575843341,0.20086844705487403,0.18056888940307964,0.03285491740278374,0.1731891488733417,0.21593203737183939,0.3021882178345811,0.21593203737183939,0.2891737737835869
10,0.40922702153762525,0.3434276450285316,0.7784106571448578,0.3879840990906707,0.3092718059838518,0.1972132947935869,0.13363357366720882,0.5125241782152868,0.5125241782152868,0.331628695378352,0.6617639193822442,0.5440645130764592,0.5869168085505371,0.603054743189342,0.08177213618437414,0.5329003336948683,0.4349841959101102,0.4115549725385713,0.4349841959101102,0.5208369205945519
11,0.024833211758338372,0.006726816235133375,0.19166576038941913,0.3574395209931707,0.17161394709786168,0.04734694287895411,0.0036177113103482666,0.36985990926218293,0.36985990926218293,0.002508041505705728,0.2977172752032019,0.43772845180367403,0.09001023236302418,0.08539096054638359,0.06340647499245627,0.1062857709413505,0.14978932301766845,0.19124348956759146,0.14978932301766845,0.17805347195581203
12,0.04399496310293246,0.008457671617894631,0.20962367481578875,0.3555375732367707,0.11739222385385906,0.04585660746059112,0.0044301975822758815,0.3943260791178564,0.3943260791178564,0.017508547122674068,0.3558451891908717,0.4287208575843341,0.11065359669517262,0.10326310781339038,0.024003558945222287,0.06604438155877991,0.15790296136608492,0.19939302305228404,0.15790296136608492,0.23461815290219043
13,0.5331219329968713,0.0538665560981792,0.3269784908108733,0.42408509991776544,0.1614702953524017,0.0628909250948521,0.0036405460908891804,0.36672617299789334,0.36672617299789334,0.008047253168062684,0.37714844825662375,0.4287208575843341,0.3346791837079786,0.20049596835773878,0.08805250117145788,0.218229349649987,0.22484766829662398,0.24002744549265062,0.22484766829662398,0.29783824728018093
14,0.11263917120640791,0.03132069418032406,0.36359854056635604,0.42408509991776544,0.17580745280901572,0.04689367627781579,0.0235355951039858,0.4265356147723515,0.4265356147723515,0.19614563789635517,0.49517407754758025,0.45450100921112596,0.15236675181326267,0.13246298471814832,0.03153035137699013,0.12981757919849815,0.21794737753724341,0.2925002116796674,0.21794737753724341,0.3448304250487984
15,0.03397773713917269,0.04829413334914146,0.2897365734819329,0.37929477625196384,0.18537560910511033,0.16438663985101434,0.012616936008696846,0.39120255940363396,0.39120255940363396,0.027042464350847065,0.3816060722965563,0.5,0.5220967322665457,0.30008437050296466,0.05300131870534612,0.11811471732091157,0.24973631067821814,0.2811931464378484,0.24973631067821814,0.3127480484435359
16,0.029617847974112037,0.007771383125177573,0.21285690582527705,0.3555375732367707,0.1637325157115055,0.04682455115185533,0.0036507701960618215,0.36672617299789334,0.36672617299789334,0.004733159471825988,0.4179635624115204,0.45450100921112596,0.12981539117038787,0.08255044349748113,0.048032729163922726,0.08200941635069471,0.12847407135678493,0.19124348956759146,0.12847407135678493,0.20862640204262303
17,0.030467910077346342,0.009816807467866768,0.3701680792508616,0.3555375732367707,0.11874155318545711,0.05454643124238903,0.003892389418002469,0.3943260791178564,0.3943260791178564,0.006417100471882245,0.4655466115451293,0.45450100921112596,0.0916331681890725,0.11636295741246093,0.0833427847832546,0.0814610965953004,0.15959531464304888,0.19124348956759146,0.15959531464304888,0.208960712690139
18,0.5447507699981359,0.30704407987576804,0.6304414272296491,0.45833829880218396,0.2242439721765808,0.12564263777309181,0.16045124785020312,0.4335864451957761,0.4335864451957761,0.09593186179186573,0.635965593814491,0.5440645130764592,0.6840004665868845,0.4667544805547757,0.1093797966502156,0.43269007020377653,0.4200951096875189,0.35215366603891424,0.4200951096875189,0.5870633721146289
19,0.050900704408296575,0.01991975383640184,0.2441622896549871,0.3555375732367707,0.1643819813467056,0.06019345522124733,0.0050867033508783495,0.3943260791178564,0.3943260791178564,0.002994728561881607,0.26379214795609646,0.4287208575843341,0.11257144744025281,0.1200621349215271,0.27579913513995036,0.08634432330640417,0.15380633620335787,0.24443479201649773,0.15380633620335787,0.208960712690139
20,0.02662317693028334,0.027775492467451125,0.22888538122202723,0.37929477625196384,0.18537560910511033,0.177701936885152,0.013680831361440505,0.3795369626319849,0.3795369626319849,0.020301018808500198,0.4103185661875033,0.5,0.11895707608291851,0.19921686862537383,0.057828925015324405,0.070199863405739,0.29528692466914913,0.42021706441322015,0.29528692466914913,0.27846600153634266
21,0.20761261447536516,0.04523138727216422,0.3883528189442843,0.37929477625196384,0.158856937811978,0.15160879691559043,0.032721442994253926,0.36985990926218293,0.36985990926218293,0.03937969545088068,0.43140184820774574,0.45770105365271213,0.37118602154660885,0.2267941636147611,0.1983861262272783,0.10447696782990064,0.41612142792731993,0.5271562011779627,0.41612142792731993,0.19061535499843663
22,0.04660104731457293,0.019242484792532842,0.18853574254932967,0.3555375732367707,0.1789362217105739,0.08105846549444692,0.006837259269950691,0.3943260791178564,0.3943260791178564,0.008820957877787977,0.3579170782314485,0.4287208575843341,0.08024087442229942,0.13033117462720503,0.16981478647909204,0.05295421279452944,0.15220621969841555,0.27337702611805836,0.15220621969841555,0.1907128632981394
23,0.36377095282480926,0.04590488976452607,0.5935459511547602,0.3899545932759163,0.22075924370471145,0.19841417986183515,0.16001624796668365,0.48661642806693123,0.48661642806693123,0.03113577842502466,0.653634570473416,0.5,0.2522843625714551,0.2975262778921142,0.201669156500284,0.21516210571821914,0.41232464239617045,0.5060352812520809,0.41232464239617045,0.3088169379760939
24,0.1050570170857696,0.0067694123952743495,0.16250879001066443,0.42408509991776544,0.13622055554421977,0.060475474980551724,0.0033537058721408216,0.36672617299789334,0.36672617299789334,0.008180962017483806,0.352308050987607,0.4287208575843341,0.18067584601396716,0.13011685670990947,0.03297014043675133,0.07871250950315851,0.14144146471128044,0.265875636105872,0.14144146471128044,0.23952098294241053
25,0.014189813933856564,0.014538938397050128,0.20562034705665988,0.3574395209931707,0.11313647907096738,0.13941441412141198,0.004641597532024509,0.36985990926218293,0.36985990926218293,0.005329618751972562,0.3004438186378764,0.43772845180367403,0.07538883645516513,0.1025153627934979,0.13230619100208346,0.03201920446688829,0.18198440470673402,0.19124348956759146,0.18198440470673402,0.16216269706414294
26,0.10893461629907787,0.026510464559044017,0.2145488541738183,0.3555375732367707,0.1510324630250558,0.07780248150581477,0.010041504300182183,0.3943260791178564,0.3943260791178564,0.03659113995832843,0.3468615910340692,0.4287208575843341,0.12426609780349263,0.11193430841144954,0.2583625640300149,0.09025028135972071,0.15912172306818875,0.20171238799683303,0.15912172306818875,0.21507940094681066
27,0.1606914876410285,0.015297639345848938,0.26172730918986026,0.3555375732367707,0.1322764987150024,0.0866265350715588,0.009039935116370204,0.3943260791178564,0.3943260791178564,0.05168958824338143,0.3556263275435,0.4287208575843341,0.233487152544007,0.13303965117663072,0.2857042807400677,0.15426701856826766,0.1539634050011713,0.2713560647182309,0.1539634050011713,0.22512485491700857
28,0.06665721665689109,0.02292131777701448,0.39260073381948823,0.3574395209931707,0.12640882747570828,0.10187298044090855,0.009415957426632197,0.36985990926218293,0.36985990926218293,0.044294148985303025,0.31565503957274166,0.43772845180367403,0.25190712385845937,0.1037910263108275,0.283833627143167,0.08827736031831292,0.14601709505714153,0.24634425213021408,0.14601709505714153,0.27151021239640927
29,0.06633103411636335,0.10594938602389584,0.2937436818617975,0.3555375732367707,0.12399998300257145,0.08217914020103817,0.011935034141502064,0.36672617299789334,0.36672617299789334,0.2246095575621866,0.340351294176702,0.4287208575843341,0.36746612750301466,0.15394783050155494,0.20357909011621633,0.1135529120142125,0.2401431282018507,0.2187737078269815,0.2401431282018507,0.23765035797654652
30,0.1363487376373803,0.09239317962602717,0.2763323745981562,0.3555375732367707,0.1402574514963384,0.10828528830911349,0.018399186906401084,0.3943260791178564,0.3943260791178564,0.18157571026779187,0.3767608674936358,0.4287208575843341,0.3688231502199381,0.1875982328349708,0.2224217934806366,0.13406920472463804,0.2619644753558094,0.18950314783923097,0.2619644753558094,0.24063279159515585
31,0.19447499371647006,0.09488812593944275,0.5707105463496941,0.3574395209931707,0.15206846900240115,0.3269998465947859,0.028029028889477267,0.4766408237166851,0.4766408237166851,0.21203134542782093,0.3877754630201508,0.45770105365271213,0.8308926495298683,0.32997566902191616,0.2201518740141192,0.09762769258920648,0.24815984820434456,0.2660901604389438,0.24815984820434456,0.48017498185412655
32,0.2965626732547307,0.07812745430367872,0.2588847997648851,0.3555375732367707,0.14297182324767102,0.10961662986336572,0.020448059487115672,0.36672617299789334,0.36672617299789334,0.277394733496113,0.3700073011582478,0.4287208575843341,0.44859553441052397,0.17998579261002992,0.2548851168535441,0.11252393734703414,0.2461432716503318,0.18950314783923097,0.2461432716503318,0.3243352537102433
33,0.2047252677138637,0.12528782438061903,0.5372249874377185,0.42408509991776544,0.15481416738721257,0.1093617433892455,0.018590314680489,0.3943260791178564,0.3943260791178564,0.5190112506149617,0.5862294660013586,0.45450100921112596,0.6777526427869319,0.24489915213897095,0.15367927130268091,0.16144984655484085,0.2619644753558094,0.199900325358259,0.2619644753558094,0.33958000868949145
34,0.3169284502424841,0.2012765199747494,0.3612968239421026,0.42408509991776544,0.21260337885469327,0.17918155592006732,0.03157288260567024,0.36672617299789334,0.36672617299789334,0.525284774827187,0.4762076361695209,0.45450100921112596,0.8205843292482863,0.3134338245304022,0.280873649223079,0.1962558707160343,0.3018707523160426,0.3535031882842915,0.3018707523160426,0.44860390468432754
35,0.1318035799711265,0.022824000707068085,0.3708327041712665,0.42408509991776544,0.1278188312291926,0.07354445311657665,0.014564738218898676,0.3943260791178564,0.3943260791178564,0.2509075525783412,0.40909175590797164,0.4287208575843341,0.2067082397652175,0.14817467692339728,0.028654813960276537,0.10340089008532025,0.1539699962197371,0.3965021299022641,0.1539699962197371,0.30246553290706846
36,0.3402284669990623,0.13125681953570406,0.5856643464034934,0.3574395209931707,0.25440049605325854,0.5014863052308527,0.053391652430114955,0.3821405530568679,0.3821405530568679,0.39586366800669626,0.4401780324913978,0.45770105365271213,0.8738554938685797,0.2968384074085177,0.2580723872498211,0.1104198348738162,0.3306794579568172,0.3958271114726145,0.3306794579568172,0.5709271308041886
37,0.41084434164435224,0.35339020592775877,0.5061127351078255,0.42408509991776544,0.22758816833553677,0.10680463817193671,0.02261994362364253,0.4265356147723515,0.4265356147723515,0.5031942016955536,0.4545176874899471,0.45450100921112596,0.8635101453713874,0.28104959702405086,0.3731237530523661,0.262142952147534,0.2619644753558094,0.18950314783923097,0.2619644753558094,0.6102450187202961
38,0.20781673006916468,0.4773454601224596,0.5530991940311527,0.42408509991776544,0.20382744622738588,0.11410354385928005,0.017990194355227532,0.4488956203715353,0.4488956203715353,0.2233702948499358,0.4860482581347324,0.45450100921112596,0.8630358843288108,0.38153344396972877,0.25138361511128016,0.17512576014872724,0.4575031016163916,0.44546588493367345,0.4575031016163916,0.7233887761964579
39,0.33380346483927664,0.20431722404766667,0.47352348557905316,0.3574395209931707,0.15195071404474705,0.1426400453769658,0.0032759142900663407,0.3705806938019509,0.3705806938019509,0.036609578400632524,0.35814991363400633,0.43772845180367403,0.8941276235417492,0.27158701215710834,0.3163824689016392,0.17164910948213608,0.45352629883795426,0.43238775790029277,0.45352629883795426,0.549406800373356
40,0.1416486878748779,0.07130114791357016,0.722384430779674,0.3574395209931707,0.16819415407771524,0.18665385703855536,0.013936973291052004,0.3821405530568679,0.3821405530568679,0.023212483302326423,0.36992854305190287,0.45770105365271213,0.7495425373530228,0.2529807188566945,0.14313620721395628,0.07985602565067161,0.39475180907192964,0.48768330688637446,0.39475180907192964,0.528888785951533
41,0.04169836295864757,0.029991110862228994,0.38650339331558015,0.3574395209931707,0.16703852196136618,0.1701225594154435,0.005173970702426312,0.36985990926218293,0.36985990926218293,0.019878596902924157,0.36471017134713524,0.43772845180367403,0.13598652071671638,0.10082146872248804,0.1450370817206675,0.06450246477194849,0.17764417622396078,0.32586283785270226,0.17764417622396078,0.2706241550553539
42,0.3931636826404091,0.16810142344815043,0.6847257857767883,0.3899545932759163,0.22512010199841911,0.2898516546270332,0.12210921676100682,0.48661642806693123,0.48661642806693123,0.0676063382508368,0.6071937584269715,0.5,0.6778168688473654,0.5230502833756534,0.2273114967565994,0.5001059741071903,0.4647793275709903,0.5411730244589329,0.4647793275709903,0.5449777758126664
43,0.06597972574061478,0.04669954758827148,0.574120867806369,0.3574395209931707,0.16261068604574272,0.17206702977054353,0.010054947122188298,0.42436279234950847,0.42436279234950847,0.02773037243445626,0.3957820451807119,0.5,0.5080079206940398,0.2435701090490222,0.14979779067669982,0.08375525540062508,0.3372472714801584,0.5136721827458005,0.3372472714801584,0.3475064814312004
44,0.08482202710312987,0.13114971297133046,0.4676699317712896,0.4188212660400482,0.10514769155332711,0.14492049158287815,0.006112499879916056,0.36985990926218293,0.36985990926218293,0.06253639145336656,0.3558451891908717,0.43772845180367403,0.4318259851112351,0.18602553174705466,0.2082792745478323,0.14244354643763396,0.3244268302237864,0.549642065256262,0.3244268302237864,0.29374015488837923
45,0.07489059615508104,0.12369294498439963,0.46793928683642844,0.4188212660400482,0.11211831251497466,0.17072298052571647,0.007484636194775252,0.36985990926218293,0.36985990926218293,0.07554527341850634,0.3558451891908717,0.43772845180367403,0.3601715858086583,0.19202684341136683,0.24382192694708107,0.564913792036315,0.3244268302237864,0.4083745615832934,0.3244268302237864,0.2733757407634836
46,0.05884459280633883,0.014703930363638153,0.1911706429464102,0.42408509991776544,0.1284539310114778,0.05814854663709267,0.0035943409402900443,0.3943260791178564,0.3943260791178564,0.034170328510072234,0.3523797348051753,0.4287208575843341,0.1365573471793612,0.15460201298156834,0.04832347185354536,0.06731814777384787,0.17556359778173675,0.21873214954405742,0.17556359778173675,0.32396526718145535
47,0.16746535741415133,0.28954087353254854,0.6234511512427614,0.44637645841154466,0.14587062522866132,0.2625072031259689,0.025607352758408336,0.38141090917352094,0.38141090917352094,0.12863092344404167,0.6092665261266248,0.45770105365271213,0.7888320050473245,0.4048276008363304,0.11278121505793412,0.2227235670428441,0.35758325566387483,0.560907959863099,0.35758325566387483,0.5391819561966781
48,0.34659652952526354,0.6360726266228455,0.6852613383481843,0.44637645841154466,0.20791828917957908,0.3490360071742736,0.02702609907410459,0.3821405530568679,0.3821405530568679,0.15634268897323628,0.4014220156744079,0.43772845180367403,0.8558424307126526,0.4228494406729041,0.4856594910249053,0.6441645429543288,0.5665237890625374,0.5339874346257726,0.5665237890625374,0.5708377877181645
49,0.497309796096165,0.5809945292501225,0.26987053550254736,0.48821591207766873,0.358840748000108,0.21300033951022737,0.013123593086323425,0.40614868702349105,0.40614868702349105,0.1756297498935845,0.5127055206701544,0.45450100921112596,0.8929391971103311,0.34414897577922,0.27502214554977605,0.3769901617317487,0.4067583440844061,0.41195558812148947,0.4067583440844061,0.5321199627603441
50,0.23533022396887843,0.3967556377273047,0.4084392380344597,0.41680456625602613,0.14661421737799502,0.22038850138997043,0.005544897374368362,0.3943260791178564,0.3943260791178564,0.06426886895748066,0.4146232483843792,0.45450100921112596,0.8850809664134974,0.2975008937438571,0.33634783063777246,0.36515183935316003,0.44315792525697545,0.4083745615832934,0.44315792525697545,0.600853851126461
51,0.5547816016524587,0.6198531565881776,0.4304868000219081,0.48821591207766873,0.23057962942980226,0.11893090877935812,0.0074728450513347625,0.36672617299789334,0.36672617299789334,0.2128415568272201,0.3792422877379084,0.4287208575843341,0.8829271218208418,0.3213978695496426,0.250200909283103,0.5822116235509076,0.44204971981967606,0.40564936425652764,0.44204971981967606,0.5615988878566874
52,0.1904738782191154,0.35919739040472803,0.5398646144263968,0.41680456625602613,0.11261390247517462,0.24259807562914112,0.008434628793899765,0.3943260791178564,0.3943260791178564,0.10115890456849666,0.3558451891908717,0.4287208575843341,0.7982634119821371,0.27056657808487194,0.40744493231612355,0.5874349218537436,0.4488736845582908,0.4238471293589293,0.4488736845582908,0.6029955501043399
53,0.497850723024477,0.6085150235957051,0.7681152172430702,0.4760344023794341,0.4235666026024657,0.1773146727523801,0.10964685780294298,0.4832520938115043,0.4832520938115043,0.26108898209385895,0.7104638114423721,0.5440645130764592,0.7851929092366909,0.6104178720516432,0.15666569777877704,0.46946438607022917,0.6079864948726186,0.5027495535019488,0.6079864948726186,0.5436241072532135
54,0.3466319109721602,0.4406836616385707,0.4656873825051803,0.4188212660400482,0.16045131229666906,0.2501677760580555,0.010188054523544635,0.36985990926218293,0.36985990926218293,0.08157713439205369,0.3558451891908717,0.43772845180367403,0.9018207563233435,0.3009463986632311,0.3389190902868966,0.38483188899434656,0.3941863378085473,0.4083745615832934,0.3941863378085473,0.568854805442673
55,0.5324856854642855,0.4691510687805318,0.5930749989318139,0.44637645841154466,0.1510679549714473,0.24811453388725482,0.016186658228417788,0.3705806938019509,0.3705806938019509,0.14328822986325201,0.37500131255805014,0.43772845180367403,0.8821748167784509,0.349877437717251,0.5940426948223405,0.646592276885874,0.4962565114898743,0.476789087180378,0.4962565114898743,0.627656282476089
56,0.24480326358138674,0.5131612499277398,0.62310078300455,0.44184885448823047,0.27489849214011514,0.31063974914955494,0.01294550386484826,0.36985990926218293,0.36985990926218293,0.16535870502910946,0.3617019585871199,0.43772845180367403,0.8832781401225547,0.3170251171147018,0.3509563706627009,0.6593717453830897,0.3941863378085473,0.49084094097993003,0.3941863378085473,0.5429344661381104
57,0.12743865041314353,0.022045339319943718,0.4330667733676576,0.42408509991776544,0.19090362952659556,0.07244247004115253,0.021000289806686126,0.4488956203715353,0.4488956203715353,0.195941656235659,0.4388247717500105,0.4287208575843341,0.20403258175771694,0.19658263953990193,0.05412986584925422,0.11665169689580407,0.14340375376797257,0.3573880878005534,0.14340375376797257,0.44609135442255743
58,0.43575536351951966,0.5730487721007772,0.44163085660424795,0.4188212660400482,0.27957535576955644,0.3336486607158513,0.010487754462269624,0.38141090917352094,0.38141090917352094,0.1624187067158178,0.3558451891908717,0.43772845180367403,0.9314892982089888,0.31480581625777254,0.4444594095164267,0.7068301971097951,0.3844322670953179,0.5413924324534511,0.3844322670953179,0.5578035789507769
59,0.38782703299691684,0.46697458160894506,0.3427990326344539,0.41680456625602613,0.23298487877083035,0.2843401570919832,0.009226266733114236,0.3943260791178564,0.3943260791178564,0.096722298368391,0.3558451891908717,0.4287208575843341,0.8813774030624603,0.3095340578390374,0.24686327371857197,0.6202675775927412,0.4273877523137976,0.507741363589219,0.4273877523137976,0.605543870301666
60,0.3604022710622777,0.513956302068278,0.47635468434931455,0.41680456625602613,0.29646867593434134,0.2731774442396176,0.011237102134468407,0.3943260791178564,0.3943260791178564,0.12602841065972104,0.3617019585871199,0.4287208575843341,0.9084372161948386,0.3031126334906534,0.3272687803440607,0.7381262524903812,0.44628728365433357,0.43860868059762226,0.44628728365433357,0.605543870301666
61,0.5533931882111826,0.5578985991148322,0.5672705360518852,0.41680456625602613,0.2829677437270323,0.38928237370643715,0.013294902663199274,0.37823804926138854,0.37823804926138854,0.20364514793030447,0.3492564420346476,0.4287208575843341,0.878371627572502,0.3646699789187216,0.4658195283660619,0.6714795922913317,0.5255689672817654,0.549642065256262,0.5255689672817654,0.5791181449461553
62,0.43573685499289466,0.6256437974564394,0.5344635775371402,0.41680456625602613,0.2891957144854947,0.38835906569837125,0.027567215436201553,0.40614868702349105,0.40614868702349105,0.2216813002556855,0.36471017134713524,0.4287208575843341,0.8826506531375875,0.4329899292691364,0.41229494319846016,0.7376154202433775,0.5631068108207637,0.5901164764758801,0.5631068108207637,0.558350989763076
63,0.7463089558656794,0.7729172763388301,0.702854580880125,0.48192283347173154,0.3404352071370311,0.44042372722772755,0.030376866931694065,0.40614868702349105,0.40614868702349105,0.19850576353756286,0.37872568146454744,0.4287208575843341,0.9481100525799986,0.6723644020266806,0.46706730015926773,0.7751553209855885,0.7559116410467496,0.592458514818118,0.7559116410467496,0.6201643257578978
64,0.4839660772290758,0.6446905742171221,0.6241387225405377,0.41680456625602613,0.3320034150111733,0.39243512684381804,0.03112398517940856,0.40614868702349105,0.40614868702349105,0.2191564528764776,0.3202474540024938,0.4287208575843341,0.8766151022227653,0.6933323580225882,0.32253700117170875,0.8078588659169378,0.7246141344288254,0.5318590020608184,0.7246141344288254,0.6049726182312436
65,0.5161407430665816,0.8357909756688345,0.6656370172825816,0.41680456625602613,0.2683318398197473,0.44157395193689813,0.050507743546260135,0.3845830572842636,0.3845830572842636,0.38906142018680195,0.34836935031939387,0.4531147800730642,0.8957295584162056,0.7384427727384525,0.28991366298172017,0.8543714877386789,0.7496352879398398,0.5623280647477013,0.7496352879398398,0.6155303091927281
66,0.16706931952431764,0.22882775530750585,0.8736986138036904,0.4760344023794341,0.23258127888260938,0.220313505690763,0.2631180292567242,0.4643210964666887,0.4643210964666887,0.2635449494567357,0.5610543797149501,0.5505033161732676,0.23609585210599462,0.42258452142144265,0.05448542466133054,0.6810548214534264,0.4441236839045852,0.4637775201973053,0.4441236839045852,0.39498921898636224
67,0.2919601324737847,0.6450229510887499,0.25537261225493385,0.41680456625602613,0.25649418161935106,0.26581472562217495,0.02190642917583343,0.40614868702349105,0.40614868702349105,0.26864384300476146,0.3528694823625571,0.4287208575843341,0.8680533869076178,0.7293095629632684,0.3323637949468917,0.9370283801842801,0.7618972961333893,0.5607154535119968,0.7618972961333893,0.5782445873047231
68,0.10808159238562684,0.03200045476824464,0.28559976942579446,0.3555375732367707,0.17399659070738072,0.05815333058839812,0.011347165174078135,0.3729939158965067,0.3729939158965067,0.022938873933399787,0.36796172875488015,0.4531147800730642,0.16341799628507747,0.22227593187281633,0.04189530040821552,0.17802655797350941,0.257343738858631,0.301112705436351,0.257343738858631,0.26377333115686374
69,0.2925878361913434,0.7731757206071531,0.22157611321696158,0.41680456625602613,0.28235211303614527,0.31407326021100274,0.03238845876875592,0.40614868702349105,0.40614868702349105,0.3912052863599076,0.32867810981596157,0.4287208575843341,0.8741679853451377,0.7552664043424001,0.3264293817787299,0.920144065272521,0.7585657708829201,0.5677463499789115,0.7585657708829201,0.6367697978144602
70,0.13802740876771363,0.6827910384527405,0.3128424057578165,0.41680456625602613,0.2691216733695282,0.2824071394812557,0.03755506205808228,0.40614868702349105,0.40614868702349105,0.26496067687296276,0.3558451891908717,0.4287208575843341,0.8116281885572418,0.4188153721481494,0.27078506735795954,0.8486990527444458,0.5438076158794298,0.5232304221703248,0.5438076158794298,0.5314412411581767
71,0.2377984445643859,0.6299957964460496,0.7244755947062035,0.4145443968786128,0.39672546230982475,0.3029510325002069,0.28715239680551424,0.5125241782152868,0.5125241782152868,0.6445774724544203,0.6420221280775986,0.5440645130764592,0.715772227098171,0.7447271792189396,0.043295518607538844,0.7291386093176293,0.6307609583609665,0.5501511975255199,0.6307609583609665,0.6175303825807716
72,0.4363452036202886,0.880604405443743,0.30319509690762225,0.4344876266693528,0.28690913617483305,0.21034174418371204,0.016010488978387576,0.40614868702349105,0.40614868702349105,0.512383546024852,0.3437872231883447,0.4287208575843341,0.918728200208849,0.7272253516984698,0.315239457922679,0.9220389181836209,0.7068264219148113,0.5960499388577971,0.7068264219148113,0.5478702382144145
73,0.5373791849572233,0.9065388373095845,0.33454935463497854,0.4344876266693528,0.33836096283218076,0.35260015925888577,0.02605514730542387,0.37823804926138854,0.37823804926138854,0.4410962731139285,0.37195791493990005,0.4287208575843341,0.8603474496211053,0.42773542959685906,0.3818162677263465,0.8640519485682463,0.6520183667075199,0.5258214346234165,0.6520183667075199,0.541964712934622
74,0.3119505781755078,0.8756419553255549,0.552590713843142,0.41680456625602613,0.28514283417679437,0.3100475937012554,0.018140504412196824,0.40614868702349105,0.40614868702349105,0.4540213016309767,0.31227123203940604,0.4287208575843341,0.9042145179853844,0.44870454515660724,0.20469715384579706,0.783672951412957,0.4970927383702776,0.5373474536426613,0.4970927383702776,0.6590925494949235
75,0.7287267238564479,0.9018237893120719,0.5134566098913323,0.48821591207766873,0.3687755398339076,0.2949543971229241,0.03721380900770304,0.36672617299789334,0.36672617299789334,0.36445513324799717,0.40201288465282004,0.4287208575843341,0.8993917190901514,0.4491900961027585,0.23373335616736027,0.8122479719942718,0.6296725729721527,0.4853595344383281,0.6296725729721527,0.5768646101547485
76,0.383254412947412,0.817239421011205,0.5249299205020787,0.4344876266693528,0.3807286134166825,0.3518906832139844,0.014972778888158076,0.3943260791178564,0.3943260791178564,0.22512050758283433,0.3481195464310199,0.4287208575843341,0.8678097802524277,0.3252357527334029,0.20137496980735717,0.8657233879071052,0.49587886772646,0.44825683283074935,0.49587886772646,0.5264766376136947
77,0.4158785530433465,0.8705781534314507,0.5534470172687238,0.41680456625602613,0.35673988047720545,0.31953198329132054,0.013247902764026695,0.42436279234950847,0.42436279234950847,0.22519685820532476,0.41794560870560143,0.4531147800730642,0.8906103178963896,0.47600025474703317,0.23896879023475853,0.8765800349033882,0.5672629613842565,0.43340372142117145,0.5672629613842565,0.6116612456484225
78,0.37815724576540755,0.7846357021751827,0.3939030629467419,0.4748531981745721,0.3485369185876092,0.3523276441600385,0.017970023665684592,0.3845830572842636,0.3845830572842636,0.3530626575318947,0.3581680292898129,0.4531147800730642,0.9152862344477438,0.6856170727585701,0.2076531385075594,0.8951758941265713,0.7228795899804413,0.6709954622867691,0.7228795899804413,0.6731607965340433
79,0.580322620645731,0.31574182375137766,0.6358014546454491,0.45833829880218396,0.3853683287380813,0.18100931006279958,0.22707912846664607,0.4832520938115043,0.4832520938115043,0.21373271849346867,0.7063604017316052,0.5440645130764592,0.6046965055988374,0.6658025990667017,0.10264353006704707,0.5314548315660117,0.576065875260651,0.566828818323687,0.576065875260651,0.5000860918965263
80,0.35923240499861464,0.7486420000369545,0.41772898535295505,0.4344876266693528,0.3957448408147025,0.3844191343908092,0.03943852719735935,0.37823804926138854,0.37823804926138854,0.40939697969903294,0.3463062115554651,0.4287208575843341,0.9060408330539993,0.5925338870313628,0.2802088323775395,0.8506956092943239,0.7178393995161135,0.5781693177265855,0.7178393995161135,0.5646331036124583
81,0.448995518126411,0.848401896309133,0.42019426373093643,0.4344876266693528,0.39278235484814883,0.4107283192516437,0.02364389907316686,0.40614868702349105,0.40614868702349105,0.45498958088466784,0.3617019585871199,0.4287208575843341,0.9021853505507764,0.6840415995123172,0.2504843213728172,0.9206521076373327,0.6843619355881777,0.6261051603953887,0.6843619355881777,0.5646331036124583
82,0.3770120765406971,0.8785999635157362,0.34494100647958265,0.41680456625602613,0.3792845790555029,0.4232771947285869,0.05209458934029379,0.43643703253457566,0.43643703253457566,0.5908931743629325,0.44025057856703254,0.46413829564565384,0.9180279537164999,0.7904688767983625,0.22416848277057033,0.9125883864130274,0.8050236371232594,0.711699018463257,0.8050236371232594,0.7723355230144778
83,0.3306255970117827,0.8376251598222576,0.34314255144642547,0.5062984454589035,0.3771865133166122,0.30107717766803777,0.024604772928881413,0.40614868702349105,0.40614868702349105,0.49925585851818194,0.3829829664996986,0.4287208575843341,0.8818256041017927,0.7385499312383584,0.23473168557021507,0.9229438942113247,0.7790050519663664,0.5579323600438895,0.7790050519663664,0.5591151500875473
84,0.44840685590490525,0.9271272315275606,0.3468829830585501,0.5213913844925295,0.3819780851721441,0.1729036018915379,0.11508298985997271,0.4386245698981195,0.4386245698981195,0.8188409513646313,0.4095872550152482,0.4287208575843341,0.8936666228075554,0.7836387736038307,0.16582901520004034,0.9132503492839289,0.7624896950497092,0.5706347989883204,0.7624896950497092,0.7088446078995472
85,0.24692423559939167,0.20210161737163906,0.45317250334775316,0.42408509991776544,0.18947526664784817,0.10169175555671965,0.0654923078666789,0.46741228402157053,0.46741228402157053,0.585256667058591,0.4641492433369908,0.4287208575843341,0.317271720996189,0.4366827558093756,0.030263156895826298,0.1431817371872909,0.36869146080959003,0.39139350565538683,0.36869146080959003,0.5876773024190275
86,0.14576027400751845,0.027985926446060284,0.2935742657319891,0.42408509991776544,0.18646553046090858,0.050281884623461566,0.020926695384173258,0.44527240790254796,0.44527240790254796,0.4053872365920789,0.43343199337366567,0.4287208575843341,0.22083999171398302,0.2081325596222861,0.08799967694833813,0.21542497223444654,0.21593203737183939,0.34680328960360585,0.21593203737183939,0.3801610368938662
87,0.5530046591782675,0.05225632254705712,0.5510012637528978,0.3555375732367707,0.12036442841860329,0.04907298233100674,0.004778406001249662,0.3943260791178564,0.3943260791178564,0.008070449502910526,0.5316434985135944,0.4287208575843341,0.5159424390634686,0.18050500075436995,0.13771191970517702,0.2656691223974761,0.25082857555995847,0.273942008796502,0.25082857555995847,0.3387648184129107
88,0.06954407530830635,0.005920488348877243,0.4054028541695341,0.42408509991776544,0.13345392126530856,0.05053028780833967,0.004532222091624913,0.40614868702349105,0.40614868702349105,0.08821317496058674,0.40321538664011436,0.4287208575843341,0.2434164777578901,0.1539533416369473,0.030618466266567616,0.07580758314628644,0.1622871387012062,0.1818025052788028,0.1622871387012062,0.36543725927533777
89,0.22071527418025344,0.026281376390830474,0.4873392853649991,0.42408509991776544,0.16039084062189457,0.09061531519841928,0.011159063543558652,0.40614868702349105,0.40614868702349105,0.10688653069804457,0.40796937209964373,0.4287208575843341,0.3783895286866558,0.3552698065267712,0.050141362090477405,0.11522302579587916,0.31488078718493245,0.3396106380330704,0.31488078718493245,0.5347852340079907
90,0.046085985206311623,0.005879387697587095,0.32203608556784,0.3555375732367707,0.13432618213016242,0.05238893167320783,0.012352743947733263,0.3943260791178564,0.3943260791178564,0.10622012942570001,0.39116628635200124,0.4287208575843341,0.16129858361778002,0.12166252869594787,0.04884545004362558,0.0595437096755078,0.13811763978144262,0.22239774525994296,0.13811763978144262,0.2818847722521133
91,0.1407580762150372,0.01715732212084887,0.3649103974585332,0.42408509991776544,0.17307310324726982,0.05340332949402415,0.01880314915372377,0.4265356147723515,0.4265356147723515,0.24104288116834244,0.42815192284938397,0.4287208575843341,0.15876906702174762,0.18465857092960286,0.0554630499580388,0.08863552487996845,0.1539699962197371,0.220049851716672,0.1539699962197371,0.4146830770232416
92,0.1845971339570941,0.1568054313772889,0.37837798686275037,0.42408509991776544,0.19701689959151805,0.08900098001249712,0.06626719591445798,0.4611087389625055,0.4611087389625055,0.34228227651221477,0.45375210562688195,0.4287208575843341,0.5563557101799509,0.6591337523603887,0.03959338633864316,0.22885387159223494,0.5168853056913115,0.4113028517491137,0.5168853056913115,0.6433816508445117
93,0.1360101284457367,0.031810331629973654,0.21976445150583515,0.42408509991776544,0.19802634405059122,0.06666145071989975,0.029749729374292693,0.4488956203715353,0.4488956203715353,0.5096663330499487,0.4358991799945978,0.4287208575843341,0.20909633656238025,0.18737474889151998,0.039348585839148915,0.11014319129420508,0.1725366173891695,0.3694693441320777,0.1725366173891695,0.47475494743292795
94,0.28354314772700445,0.016331835184185232,0.38581167944044203,0.42408509991776544,0.1419867100117367,0.06941224778827568,0.025802365163126426,0.3943260791178564,0.3943260791178564,0.4774353985638516,0.40321538664011436,0.4287208575843341,0.14064006880113925,0.22838860554117582,0.029286987216943065,0.12826229604057057,0.17507289259327705,0.276670445865057,0.17507289259327705,0.2944532052873091
95,0.5791888487513941,0.45903978113647687,0.6335139389038038,0.45833829880218396,0.4432519636624881,0.14586489368912495,0.4266898379504569,0.4386245698981195,0.4386245698981195,0.6420451506738751,0.6780422734172528,0.5440645130764592,0.6353027400880986,0.6806465595789674,0.044932458632706555,0.4477493217090504,0.5002296558525451,0.44237486438284307,0.5002296558525451,0.7136176095329642
96,0.30436765315717484,0.03646419822133771,0.4287369599386809,0.3555375732367707,0.13889105531552554,0.049394104800063544,0.005269802269037168,0.3943260791178564,0.3943260791178564,0.008930610754851551,0.3484149074979032,0.4287208575843341,0.21207621274966407,0.1630212158293344,0.13118844646016167,0.13510319508546625,0.16185527455597037,0.20695446552221464,0.16185527455597037,0.32303493801347793
97,0.20219042926427258,0.019921546467276896,0.23146168751802873,0.3555375732367707,0.1940306536080368,0.05448650821189801,0.005694399722907858,0.40614868702349105,0.40614868702349105,0.012442446996371646,0.337978528997029,0.4287208575843341,0.2394059815336503,0.1951114603110943,0.11913370024941917,0.09952894696635146,0.300271708176522,0.2739557024246173,0.300271708176522,0.2654235328218651
98,0.08116572743519866,0.008637525046623093,0.29426749990724305,0.3574395209931707,0.1280668095768276,0.05301915500204478,0.0029625510177666084,0.3795369626319849,0.3795369626319849,0.002676193323618134,0.33553308428084044,0.4560207405576085,0.2866425392077117,0.1314216192113504,0.12837403173863288,0.16143007917027596,0.189563145770029,0.28009041055878886,0.189563145770029,0.2268110447812502
99,0.1735996832840256,0.03176876186759627,0.3333185977373805,0.42408509991776544,0.13345392126530856,0.06217335803134096,0.004570631233147098,0.3943260791178564,0.3943260791178564,0.051855758948357866,0.42815192284938397,0.4287208575843341,0.2553200579733132,0.2068615985948647,0.0333916839792352,0.14779014447394329,0.19052069069266103,0.4071765243577594,0.19052069069266103,0.30246553290706846
100,0.1420159016138071,0.03355219480939763,0.25715711400154406,0.42408509991776544,0.1763195909700472,0.07261893680955056,0.014161468036897901,0.4265356147723515,0.4265356147723515,0.10145398945332204,0.4430097078099763,0.4287208575843341,0.18708082800663597,0.2753013959992589,0.1561378214551579,0.09387545746327494,0.21593203737183939,0.39139350565538683,0.21593203737183939,0.38933183023236934
101,0.10338562308960061,0.08143020143785368,0.33516547642110606,0.42408509991776544,0.18295845168192407,0.0657475102943391,0.01770794664762761,0.44527240790254796,0.44527240790254796,0.22940687802779486,0.41576324167748296,0.4287208575843341,0.21149223554166155,0.25599383774875717,0.0427650004711638,0.1346495613162449,0.21593203737183939,0.36243627418637925,0.21593203737183939,0.3593870003812526
102,0.06067275230455912,0.0383118984402828,0.410431340276498,0.42408509991776544,0.19695375921688127,0.08699051552310368,0.08393990768743138,0.467813372042313,0.467813372042313,0.42878472657715294,0.4569777912004028,0.4287208575843341,0.19990666973801677,0.41274887032425434,0.04955967616848371,0.04939042158920672,0.3270920006545373,0.24592675325036442,0.3270920006545373,0.6376508083471477
103,0.11125322835495308,0.03357938083136917,0.5322282403377661,0.42408509991776544,0.18360234192933317,0.07731100331561445,0.0418190317306243,0.44527240790254796,0.44527240790254796,0.35603380780750876,0.40140133021604407,0.4287208575843341,0.20402036752461716,0.28527243555205745,0.03126177093289345,0.192582499846124,0.23548397004105426,0.48516572970704414,0.23548397004105426,0.5307384489842741
104,0.14835538075497848,0.026825328309187896,0.35448684836196714,0.42408509991776544,0.19045201209946966,0.07403944270834825,0.020313548391391687,0.44527240790254796,0.44527240790254796,0.38424633874882597,0.43343199337366567,0.4287208575843341,0.23137874143937115,0.20644568855031495,0.08151678367291075,0.10913224157782644,0.21593203737183939,0.4595573067529786,0.21593203737183939,0.4229034385381997
105,0.059601653846236585,0.026603220714901846,0.33423724551842554,0.42408509991776544,0.18201149691141266,0.06642326878339384,0.02326382135129441,0.4265356147723515,0.4265356147723515,0.16416448954292118,0.42815192284938397,0.4287208575843341,0.23774152482291058,0.26287877108349084,0.031332603359468275,0.07528044593830316,0.1918275888686585,0.3066606935333522,0.1918275888686585,0.385586180564357
106,0.1249412805556319,0.026170614959196613,0.4027640797336095,0.42408509991776544,0.18360234192933317,0.05928596560312008,0.032212839494567866,0.44527240790254796,0.44527240790254796,0.48569490540773214,0.5411647371895497,0.4287208575843341,0.22850170828264352,0.2007646246670674,0.09216227205551991,0.1766217623540885,0.25774377833474316,0.3146689525934107,0.25774377833474316,0.4595072202708422
107,0.6893474559542189,0.2333937559463924,0.6184673822535659,0.4446590965821558,0.2992991895544683,0.3912958567094366,0.2941680525723627,0.4873887583018749,0.4873887583018749,0.3506421495357832,0.6559881571648977,0.5,0.7355213395864322,0.5615068509896741,0.674916682516188,0.33607040227690865,0.6432630785822846,0.5017540933656067,0.6432630785822846,0.5769107563126789
108,0.24076775158589894,0.01619843555718417,0.22675296438738626,0.42408509991776544,0.13036650121298454,0.0664058551224998,0.0028478214803794666,0.3943260791178564,0.3943260791178564,0.005763003196022028,0.36906552673900433,0.4287208575843341,0.22479087066622444,0.16905409039603977,0.4103742690235575,0.1543328851558188,0.1622871387012062,0.1962420381748212,0.1622871387012062,0.3068289628320147
109,0.08704666230490671,0.013839100261937836,0.33188179154716124,0.3555375732367707,0.12567377370304178,0.0481154845173657,0.0036106042990121214,0.36672617299789334,0.36672617299789334,0.019850138265846858,0.36105828513581095,0.4287208575843341,0.2886607266631572,0.16307407435169513,0.05195486858350714,0.0689070081531205,0.2112621970101047,0.2907945511023206,0.2112621970101047,0.27386805601846
110,0.06209293484552265,0.009447239417834185,0.33853467343536325,0.3555375732367707,0.1170540049905057,0.0530944104646194,0.002941603534277744,0.3943260791178564,0.3943260791178564,0.0023042569221719163,0.31862175091048295,0.4287208575843341,0.1647990515325796,0.11944389113791064,0.06480985037900273,0.07485133407224469,0.13811763978144262,0.30944492214401337,0.13811763978144262,0.21028634933806578
111,0.14049990825006342,0.03482311018235535,0.1535689186379422,0.42408509991776544,0.1481617215856178,0.061885970585356484,0.004682403024617555,0.3729939158965067,0.3729939158965067,0.01427372821168715,0.2790420896835274,0.4531147800730642,0.13509007360455244,0.19463344260899068,0.020123093635897447,0.1865787997906147,0.20679630195476806,0.3509842504505974,0.20679630195476806,0.27050321746857353
112,0.03968045260330742,0.008336267111913875,0.28889206747963786,0.3555375732367707,0.11460045265478717,0.04687658681050993,0.002238476336025739,0.3943260791178564,0.3943260791178564,0.0037584863471357855,0.3394443320154607,0.4287208575843341,0.11694510669766894,0.11952698166742293,0.09071810261604561,0.0660381699706548,0.15790296136608492,0.18348813693151841,0.15790296136608492,0.20854425734961315
113,0.058378411450661666,0.011918894437243806,0.20321353791034605,0.42408509991776544,0.1347866458398734,0.054890646154037104,0.0034893595797650533,0.3943260791178564,0.3943260791178564,0.01405830492669879,0.39532244752159795,0.4287208575843341,0.2619498616723686,0.16738984181103594,0.05253799387350703,0.10039948702262647,0.1622871387012062,0.24595845909390243,0.1622871387012062,0.23952098294241053
114,0.12094542935371352,0.02020950871089893,0.3006039845522144,0.42408509991776544,0.1835393851412339,0.050730218133224744,0.017591257206978305,0.44527240790254796,0.44527240790254796,0.3502261870813584,0.41576324167748296,0.4287208575843341,0.16169925815548844,0.25304144917056015,0.02729589825296796,0.19982939204147238,0.21593203737183939,0.34680328960360585,0.21593203737183939,0.4025704781580586
115,0.2915624407936433,0.3091809959411433,0.5810988592706245,0.45833829880218396,0.2993338875388574,0.1636993365765075,0.1744401470804628,0.4832520938115043,0.4832520938115043,0.4477932010392827,0.7531002004028926,0.5440645130764592,0.7040942007090125,0.7047148656052756,0.06159099758710451,0.4166090502351562,0.6795516890371542,0.573120453213753,0.6795516890371542,0.6185552503912124
116,0.0740497382698206,0.015104020352735559,0.25822236519823916,0.42408509991776544,0.19720772426871747,0.0546904542840129,0.023215811164161566,0.4488956203715353,0.4488956203715353,0.23648697306059757,0.4358991799945978,0.4287208575843341,0.1660794587042848,0.2111271148395942,0.06312709249351674,0.10443824347842241,0.20726355852043918,0.3021882178345811,0.20726355852043918,0.366597161679843
117,0.0985258236233047,0.03500244190749471,0.3641358298577306,0.42408509991776544,0.18685924588660616,0.055785942428453444,0.02500287597048814,0.4488956203715353,0.4488956203715353,0.28671617050555215,0.4358991799945978,0.4287208575843341,0.14624458047409905,0.2669895352905706,0.06552239093507244,0.11674490805149243,0.16554554777723074,0.25044274439819436,0.16554554777723074,0.5148190215361343
118,0.3807697367804533,0.5671831510895233,0.6821158391977804,0.45833829880218396,0.3984717530218489,0.14184423388119383,0.5057452034189708,0.5456898863812153,0.5456898863812153,0.7648404002652286,0.68705974596047,0.5440645130764592,0.6854349157256276,0.6954193947994102,0.05211231470228578,0.6493630193692076,0.5641655537170813,0.5881302639518348,0.5641655537170813,0.7283988905387178
119,0.03295934096195424,0.04071574836086443,0.24829616990059566,0.42408509991776544,0.16856802848583946,0.07369085714023921,0.033671768393203766,0.4386245698981195,0.4386245698981195,0.2355512827561063,0.39532244752159795,0.4287208575843341,0.14102397558647548,0.26467163917928993,0.025223021940044766,0.048550830107842856,0.25485631079579446,0.2546974757651218,0.25485631079579446,0.5025406505343208
120,0.18697068833252078,0.05721617545061036,0.24696872023319932,0.42408509991776544,0.19231561515426315,0.05674178597127058,0.013906249951690822,0.4265356147723515,0.4265356147723515,0.1113849829983615,0.38390718648191835,0.4287208575843341,0.2846003400756102,0.26628380278883584,0.032603956656011526,0.1295800955322592,0.22624047347951176,0.3496524913654126,0.22624047347951176,0.4062922150105206
121,0.07105344134789586,0.00869496675852717,0.3243278983010973,0.42408509991776544,0.14193554221503452,0.051062574214627336,0.0034140204411138102,0.4126661383730669,0.4126661383730669,0.025139895615866634,0.32765942509812895,0.4287208575843341,0.14136264545319938,0.16669751491282284,0.043293527090073725,0.07321688398051349,0.16944502516112492,0.2582372582666094,0.16944502516112492,0.2295156422440864
122,0.10500247260429328,0.03200880959246888,0.26437357449955357,0.42408509991776544,0.18360234192933317,0.05544071974264318,0.024263756320606986,0.4265356147723515,0.4265356147723515,0.3826198639026433,0.4430097078099763,0.4287208575843341,0.18290269775554974,0.28679107398038645,0.02333972630190698,0.1213964183370776,0.21593203737183939,0.45411989914100026,0.21593203737183939,0.41474590823957797
123,0.3320974755012761,0.03430305729889557,0.18847175943969965,0.42408509991776544,0.13873349043652136,0.058901908323825136,0.0028911608978105944,0.3943260791178564,0.3943260791178564,0.10847941251488108,0.36906552673900433,0.4287208575843341,0.3323850757970958,0.1486231721481303,0.04123128012313861,0.23257484635092823,0.16484598155486516,0.29016292316989933,0.16484598155486516,0.32396526718145535
124,0.16065326983363626,0.05257431459335811,0.18150643646532588,0.42408509991776544,0.1661230189493827,0.05824470697370349,0.01288248819872014,0.4265356147723515,0.4265356147723515,0.3841769167371349,0.39532244752159795,0.4287208575843341,0.1745931282956887,0.20937951029995025,0.05999264603088699,0.14336143753860944,0.17556359778173675,0.3208280530666518,0.17556359778173675,0.3860747236774776
125,0.2059029095543365,0.009320413563565708,0.1663936420909281,0.3555375732367707,0.11460045265478717,0.042176442724700024,0.0024010000151175937,0.3943260791178564,0.3943260791178564,0.005734874423545649,0.3394443320154607,0.4287208575843341,0.24832714337699563,0.13777587610513975,0.1789558486993323,0.13318253363188887,0.15790296136608492,0.23542691468182855,0.15790296136608492,0.23642312197964202
126,0.10307081573162664,0.014534334677041644,0.15577359520540282,0.42408509991776544,0.13345392126530856,0.05824878566682772,0.0033055220264551098,0.3943260791178564,0.3943260791178564,0.038210395405449585,0.3389458915458213,0.4287208575843341,0.18628203574892718,0.15420953284980293,0.04999353466057325,0.07248904175633925,0.14433981234924106,0.2523336373685812,0.14433981234924106,0.33011155074774495
127,0.13868565678058697,0.010145102184528042,0.29365095736371805,0.42408509991776544,0.11633774980636179,0.055127719826801695,0.0026524237827625593,0.3943260791178564,0.3943260791178564,0.01960079151389525,0.39532244752159795,0.4287208575843341,0.15284032141217013,0.1290413441489365,0.08011478206968739,0.07976692142680933,0.16401732817479778,0.2523336373685812,0.16401732817479778,0.277920581794962
128,0.17980476730715247,0.008201309192612203,0.43324825254717314,0.3555375732367707,0.12089261260484276,0.05091691556037018,0.002979883956127878,0.3943260791178564,0.3943260791178564,0.0038641173576301428,0.308589809420667,0.4287208575843341,0.11654161876810944,0.11603035296477546,0.11339699925582367,0.10940568763795411,0.15790296136608492,0.3339450953574791,0.15790296136608492,0.2629401824450918
129,0.1284865489507264,0.022363993303816502,0.23866666719859683,0.42408509991776544,0.1835393851412339,0.05928596560312008,0.017095011563145857,0.44527240790254796,0.44527240790254796,0.46249950459178657,0.43343199337366567,0.4287208575843341,0.19894738271234044,0.20751826305358081,0.1069389182499944,0.12584395664832873,0.17556359778173675,0.3146689525934107,0.17556359778173675,0.48584845373811403
130,0.03974744138239224,0.0873873214073603,0.24229895531433104,0.43256505893085906,0.17811402654793004,0.0996093161261208,0.05983172970128779,0.4386245698981195,0.4386245698981195,0.30926946508595976,0.4641492433369908,0.4287208575843341,0.31058154922799747,0.476821201721563,0.02857850185151247,0.058881790366678066,0.3070671251641617,0.3587380666261141,0.3070671251641617,0.5342578946476133
131,0.5327391273691173,0.03787992060006754,0.33004223779477404,0.42408509991776544,0.15929258969675983,0.06502386662891926,0.0046001041758013395,0.3943260791178564,0.3943260791178564,0.016222754811473613,0.4717379648509917,0.4287208575843341,0.24184252383101823,0.20093207044825068,0.07687734730509527,0.22164160586123727,0.20539064501713075,0.2523336373685812,0.20539064501713075,0.29783824728018093
132,0.06514144924567886,0.027099583175532033,0.3318185324752975,0.42408509991776544,0.18048967863314727,0.06347154641416924,0.0516732830281087,0.4386245698981195,0.4386245698981195,0.5290547047564698,0.4821772016376738,0.4287208575843341,0.1581594015852831,0.27051746526779163,0.027042595661444967,0.07931927238028708,0.26638475415253066,0.3047600358591878,0.26638475415253066,0.5929784259959027
133,0.405880093055557,0.034023170254468056,0.2686915529410334,0.42408509991776544,0.17472170537714632,0.06771757324283093,0.024775751244759968,0.4265356147723515,0.4265356147723515,0.09179791178346836,0.3887607052812495,0.4287208575843341,0.2804946486515962,0.20122703506528292,0.5194975318573037,0.30227077996602486,0.14204514021196152,0.20691455776746853,0.14204514021196152,0.31651272285437776
134,0.19084800525019574,0.026025874454042808,0.43873178518479955,0.42408509991776544,0.17670099213651277,0.08079041077020256,0.02562461359554626,0.4265356147723515,0.4265356147723515,0.08374188223104066,0.3523797348051753,0.4287208575843341,0.19292974474962415,0.2215979845368539,0.0812338284289276,0.07901994639653351,0.19100102031763536,0.22429226090349952,0.19100102031763536,0.456589207575139
135,0.18730376268831841,0.025896426812369235,0.6352033952979093,0.42408509991776544,0.25572174289466415,0.08654957081071561,0.12703759147427718,0.4265356147723515,0.4265356147723515,0.19856591298003748,0.41523108875318054,0.45066385615279836,0.18909449751701568,0.23846099399596832,0.14886334462943396,0.10454022108673056,0.20345817643445777,0.27384614076487385,0.20345817643445777,0.5123122639099139
136,0.11593124491191269,0.028763835159646388,0.6347614450838603,0.43446130474503064,0.3502618949456877,0.09363164640184923,0.20893217928050695,0.4743924005348905,0.4743924005348905,0.14145856291505537,0.36536471006494653,0.45957793172246697,0.12240042879235971,0.19303516704985307,0.11287759283499234,0.08166570693416378,0.24414827731789077,0.22429226090349952,0.24414827731789077,0.4421002396457987
137,0.0627146022930921,0.03407548019976952,0.5603699747352132,0.43446130474503064,0.36552236508262514,0.0948542415291592,0.4661831677696882,0.4043804805205898,0.4043804805205898,0.7411631355294243,0.37980397400864757,0.45957793172246697,0.11794000686264573,0.29804078721036864,0.09555772384498849,0.07885036505802771,0.28242500362315043,0.22429226090349952,0.28242500362315043,0.5117214455700924
138,0.05519221896655786,0.02249233311577776,0.7248001003263596,0.42408509991776544,0.21075767063962864,0.07196302560482119,0.7955979167487779,0.4386245698981195,0.4386245698981195,0.6709905453331523,0.42021051614833055,0.45066385615279836,0.11700626537666683,0.3111775092845515,0.02808579860687446,0.06110394316062414,0.2653922242269179,0.3351808745639956,0.2653922242269179,0.5985414093767337
139,0.21072879506441045,0.06040307735242398,0.7466285647022474,0.42408509991776544,0.29011012992161395,0.19439046689409767,0.767290118818208,0.4611087389625055,0.4611087389625055,0.7789434990010925,0.43583011575144737,0.45066385615279836,0.22258688494194154,0.3549534571576746,0.06491727799017223,0.11327342539899535,0.33542415638798617,0.28028927115538455,0.33542415638798617,0.5586355015357924
140,0.29110760102161176,0.1605113221291038,0.6192950103680066,0.3936743853403809,0.630377622414032,0.2952702434668024,0.5768162061881732,0.4594997425312255,0.4594997425312255,0.43878200469526674,0.37959896741140836,0.47042398359877735,0.17304447427085995,0.5226369054933598,0.06693306669250276,0.44186330686015124,0.5357709996422054,0.3106340509704092,0.5357709996422054,0.6160251166418823
141,0.1129971795607921,0.03299796043447731,0.8512541369665244,0.4567923168688483,0.21824252605796685,0.0947932714692024,0.33130485769318635,0.4488956203715353,0.4488956203715353,0.27470757017341135,0.3915317942157234,0.45066385615279836,0.23382653205095666,0.25202341417492685,0.05677935176332615,0.11980989444570693,0.24493258520186753,0.27221657324822796,0.24493258520186753,0.7419522399822576
142,0.31817511168392404,0.10699359396819472,0.25056436088613476,0.4567923168688483,0.195604881797483,0.07246467147697018,0.009668641096430841,0.37823804926138854,0.37823804926138854,0.04973428485419879,0.37714844825662375,0.4287208575843341,0.6521876210380795,0.34913674879875983,0.10934466531426516,0.30735238774418583,0.2527813585022478,0.22429226090349952,0.2527813585022478,0.5164830073033614
143,0.7243734609721418,0.09849462724014091,0.9362344944271143,0.42408509991776544,0.3885377111171171,0.11414336548613935,0.3711876871097967,0.4265356147723515,0.4265356147723515,0.2686796823462075,0.4746460504533098,0.45066385615279836,0.31125483482861255,0.45945574875458056,0.09462560434132239,0.26164973720171525,0.3732360797625807,0.30376810041492514,0.3732360797625807,0.7698797243645829
144,0.1797690955366906,0.04297050123111194,0.8136827654546949,0.42408509991776544,0.2315014014712321,0.09862407742430158,0.7956887997573876,0.44527240790254796,0.44527240790254796,0.9507655589848656,0.581251938979702,0.45066385615279836,0.2506158608001045,0.251525069480195,0.040955388018217555,0.13561301187376418,0.2431206339780927,0.29016292316989933,0.2431206339780927,0.8121262468587187
145,0.16154283397915561,0.04492950600171169,0.9353054427633453,0.43256505893085906,0.48594166708316233,0.21907821149148624,0.8718312425605664,0.44527240790254796,0.44527240790254796,0.8773514611844697,0.48519613286885166,0.45066385615279836,0.3132591854814892,0.3225298504913344,0.11330697991991837,0.27980982167185686,0.26639616980228464,0.33740991745063376,0.26639616980228464,0.7476169889357397
146,0.07639419436166407,0.2073187813856119,0.6949664806908837,0.43446130474503064,0.4354690221222812,0.36504478574084104,0.8727332636155266,0.5130138658369497,0.5130138658369497,0.7826710118394705,0.3683181119510425,0.45957793172246697,0.144147215666896,0.35768886355965557,0.12180349788930318,0.4041487298130751,0.24932222606641968,0.29605808006190776,0.24932222606641968,0.5670011080233788
147,0.07899558427375003,0.5768806349370073,0.779403656967738,0.3936743853403809,0.5554261577331048,0.3947550686185877,0.9006084921419557,0.5456752557623844,0.5456752557623844,0.8618575660273393,0.3932704131094514,0.45957793172246697,0.7173145188674999,0.7318050037992337,0.07915468688564477,0.6875432051669493,0.49995193846367175,0.3594931046616301,0.49995193846367175,0.7690272327736377
148,0.02763575503048692,0.1762625880731738,0.3927771474462625,0.39899967853970836,0.576927796586866,0.1343068630534041,0.42873225646074303,0.4866866037315634,0.4866866037315634,0.40404305074998237,0.48653310819375095,0.5,0.5287001761851238,0.675312563625252,0.05556449696683478,0.12706233772605816,0.3960657679937243,0.3692923683246759,0.3960657679937243,0.5499431364678917
149,0.058400860862755664,0.03388995214654821,0.9269680384208703,0.43446130474503064,0.5027584949001906,0.11574400887925466,0.513872963484116,0.4594997425312255,0.4594997425312255,0.21939146942114227,0.31982014540475334,0.47042398359877735,0.11625274205140369,0.29443934919799536,0.108849056240313,0.10994228176406101,0.3075467529545872,0.3002410889297926,0.3075467529545872,0.659924961019088
150,0.05315115906632395,0.05583899224134505,0.8655331982693178,0.39899967853970836,0.4009438043056837,0.12342032785294631,0.34466313377048513,0.4043804805205898,0.4043804805205898,0.2906084350530885,0.44416185916728335,0.45957793172246697,0.1023062562577469,0.16530875832369968,0.3022723438487088,0.1194037422331774,0.18891248900226687,0.30320965625391555,0.18891248900226687,0.6515104567722734
151,0.07689280957774515,0.05260874706245987,0.8523615624134102,0.43446130474503064,0.45977741799110267,0.14102305268503554,0.4213342143009218,0.4043804805205898,0.4043804805205898,0.16156495473307425,0.4505286238207172,0.45957793172246697,0.10521822069234826,0.2846776259364238,0.1090204133685242,0.05282876352386875,0.22989415810031652,0.25184851942104247,0.22989415810031652,0.662676249639657
152,0.0655377019599579,0.03508841423303033,0.8988201381842399,0.43446130474503064,0.3891671150280536,0.14253590774283856,0.4878096211721502,0.4228616855364297,0.4228616855364297,0.3506450541879759,0.44416185916728335,0.45957793172246697,0.11103956676914918,0.2419799655605768,0.14712298216767,0.07837487210153136,0.2323024775234928,0.24450267144506135,0.2323024775234928,0.6602334826339986
153,0.2506143858432309,0.15709761657576,0.30890998273675035,0.42408509991776544,0.16039826047522435,0.09282491281052208,0.007104141910702089,0.37823804926138854,0.37823804926138854,0.057856517089958155,0.4358991799945978,0.4287208575843341,0.5517115045939737,0.423250906274514,0.06261232851453892,0.3238975320780927,0.33805147057338225,0.2881081180961769,0.33805147057338225,0.5878683197546934
154,0.03774571731339813,0.060638336183419544,0.8433924068100731,0.39899967853970836,0.3496713947830411,0.12441164404260696,0.3406655783937329,0.4043804805205898,0.4043804805205898,0.23256432941038038,0.4457066774525149,0.45957793172246697,0.10188112198147184,0.29828342598975144,0.09262000549235684,0.05339005526235143,0.28419896780105897,0.44030907996669616,0.28419896780105897,0.5612446570479114
155,0.029477192964760986,0.00959511737124745,0.25929637243923453,0.38362194839058816,0.1101145185944905,0.07330274484363668,0.010069887077726346,0.3705806938019509,0.3705806938019509,0.003268579426418149,0.503002805831811,0.45770105365271213,0.1771302831670315,0.14090009535883952,0.07789201526608963,0.06712771657210037,0.20670528832730356,0.2660901604389438,0.20670528832730356,0.21619348467250588
156,0.030523065777910304,0.01069048652022341,0.295289078756285,0.3574395209931707,0.18044416369282235,0.05977021067021909,0.008205293715495478,0.36985990926218293,0.36985990926218293,0.0018429457263943905,0.3908084546308084,0.43772845180367403,0.12264672528141547,0.09409540926350725,0.15854062788723286,0.20561390218433337,0.14266998081524462,0.2906314883949898,0.14266998081524462,0.20326805173439547
157,0.011096670785292684,0.005664561384878388,0.3582729860107383,0.3574395209931707,0.10611012176063035,0.05980699263787138,0.003724120156239357,0.36985990926218293,0.36985990926218293,0.002494098030442393,0.3528296878348955,0.43772845180367403,0.08691272519510218,0.0930562310535314,0.05393639505568219,0.10567794221803577,0.13086265719152232,0.23483778813560885,0.13086265719152232,0.16777070280936918
158,0.01963422481734123,0.011612147652779254,0.2861975865321065,0.3574395209931707,0.1572904315689002,0.05715333252223548,0.004413576345960415,0.36985990926218293,0.36985990926218293,0.0024569477990254423,0.2931433963699635,0.43772845180367403,0.09312734631412076,0.08447680478754645,0.06614113795904233,0.1767768523436623,0.14681936782738278,0.24201312742770076,0.14681936782738278,0.19380630967153772
159,0.1939983205742229,0.05339354016570291,0.4349167536403518,0.4169731870165404,0.12613090270523747,0.19913608400211721,0.014744149104034144,0.3821405530568679,0.3821405530568679,0.021013129416472147,0.562103555960121,0.45770105365271213,0.670287280382416,0.27671299266950533,0.17816710119157914,0.2628345639866429,0.5116595023056844,0.4916429019991327,0.5116595023056844,0.42196957874442464
160,0.023383090176227018,0.041789622623736214,0.35340183871450886,0.3574395209931707,0.17268720378743477,0.09750201941800542,0.006681847730828405,0.39120255940363396,0.39120255940363396,0.005843811844194965,0.38468839601120663,0.5,0.5503392858599514,0.38423302630524714,0.058146600188665444,0.12811016153232788,0.30962302328660074,0.4517093677314575,0.30962302328660074,0.3594367867690529
161,0.13511269461005077,0.07143191294141472,0.4797390089197986,0.3574395209931707,0.1956390165595386,0.1496013708115631,0.018321846640860354,0.3795369626319849,0.3795369626319849,0.024272130963377252,0.5157814133155534,0.5,0.5250375719478921,0.2678937605742526,0.10250675175674105,0.15067674922758065,0.355491794167017,0.42021706441322015,0.355491794167017,0.3432052773191461
162,0.04306006716960104,0.014139474252818286,0.5436878378383092,0.3555375732367707,0.17210966276488462,0.053677242289555754,0.008893227866017107,0.3729939158965067,0.3729939158965067,0.013430933342499429,0.30080111772764423,0.4531147800730642,0.15522066722334868,0.1328831537532232,0.16564429053738097,0.19534130719942408,0.1952858981585474,0.32820463712738784,0.1952858981585474,0.29791038378721213
163,0.1926985340532166,0.008480822859965487,0.24896724016412816,0.3555375732367707,0.11739222385385906,0.04517270535215864,0.00422499532443988,0.3943260791178564,0.3943260791178564,0.015176793013882306,0.38467920979234826,0.4287208575843341,0.17268215016730437,0.08672337683656026,0.3991269077866728,0.15702598656702577,0.15790296136608492,0.19429554965172544,0.15790296136608492,0.2463766256259889
164,0.09067541810588853,0.0173813942352594,0.16944308490108284,0.42408509991776544,0.12840691018214354,0.06084384056244597,0.0032871639227193164,0.3943260791178564,0.3943260791178564,0.020816320685912066,0.32835343234471276,0.4287208575843341,0.20180476378727247,0.1587299343032977,0.024073122520568275,0.10339313218904789,0.17556359778173675,0.3587380666261141,0.17556359778173675,0.32396526718145535
165,0.13543828073007325,0.01002402761664508,0.3831424865428891,0.42408509991776544,0.139445245075268,0.04495711583184996,0.005869170651256772,0.3943260791178564,0.3943260791178564,0.0715218681403997,0.36917463541646867,0.4287208575843341,0.1437357897932599,0.13018674926297952,0.040321278819954204,0.09519656431284156,0.19574334774561347,0.3324405325658887,0.19574334774561347,0.3161555437547638
166,0.12836734126390295,0.008700923188523703,0.23931778144236746,0.42408509991776544,0.13772240103973044,0.044675606482802444,0.004537574799493923,0.36672617299789334,0.36672617299789334,0.031929577393575305,0.4087690893423522,0.4287208575843341,0.12673718039242182,0.1228664319750416,0.1036009582880118,0.12518950200452444,0.17205260706520284,0.244438651055479,0.17205260706520284,0.23757439202598854
167,0.077180943701857,0.00914106772594068,0.3590621700361835,0.42408509991776544,0.14484505734390854,0.050454756223903954,0.005590014165846973,0.3943260791178564,0.3943260791178564,0.03392946706637363,0.39804061774401045,0.4287208575843341,0.12057393212405072,0.10804793794541495,0.047181644701158175,0.06722241866760678,0.1539699962197371,0.17214410421821566,0.1539699962197371,0.2891737737835869
168,0.02613462747514422,0.01045315401092016,0.234922586740215,0.42408509991776544,0.17580769050277043,0.04876932978362477,0.006176207977956027,0.40614868702349105,0.40614868702349105,0.011527022164042512,0.451655388862185,0.45450100921112596,0.19534435982602946,0.12897778297655155,0.019737555512199474,0.0632368431722892,0.17742398311202903,0.21497451217619942,0.17742398311202903,0.2564102967985651
169,0.0367653159874297,0.025929071034049192,0.22569075637622066,0.38362194839058816,0.14309802142322814,0.05418542403196752,0.008127175864283428,0.3821405530568679,0.3821405530568679,0.007173166384922774,0.31689395851554814,0.43772845180367403,0.5202512488886376,0.23666663329930895,0.16047198274281144,0.12406265974525912,0.2107795008614266,0.2187737078269815,0.2107795008614266,0.2352102344102751
170,0.04986922873238897,0.058522579983425915,0.33137148950505796,0.42408509991776544,0.14507722375947127,0.05587489480859667,0.007940612895551799,0.37823804926138854,0.37823804926138854,0.05958635651987211,0.4680063759387001,0.45450100921112596,0.49244199401640526,0.2859098676630964,0.06414309495296729,0.11623826003127447,0.24432166068053274,0.32718578008032334,0.24432166068053274,0.4073030003913176
171,0.10164912405398303,0.00821370230915548,0.20975866411273286,0.3555375732367707,0.14640033596853905,0.05077868454297431,0.004653221326330891,0.3943260791178564,0.3943260791178564,0.038489746078878034,0.36917463541646867,0.4287208575843341,0.1322514345091536,0.10850431118207317,0.0437110729747085,0.13957031647814028,0.1622871387012062,0.1818025052788028,0.1622871387012062,0.2588717934490312
172,0.1517827191098576,0.008346584981317554,0.27950277752041175,0.3555375732367707,0.11920671190634617,0.04741825152637808,0.002604541927162894,0.3943260791178564,0.3943260791178564,0.007687054261161245,0.3394443320154607,0.4287208575843341,0.25126627172037724,0.09247289727915406,0.24611535673612442,0.14665921121667846,0.15790296136608492,0.18348813693151841,0.15790296136608492,0.231049474418557
173,0.09029030241405661,0.008939552337828668,0.17419327510298255,0.3555375732367707,0.11554206959344106,0.05438526047757856,0.0036090822899908065,0.3943260791178564,0.3943260791178564,0.010819651624479665,0.3394443320154607,0.4287208575843341,0.14211264248450584,0.08672337683656026,0.14836584692694546,0.12433189574253652,0.15790296136608492,0.19939302305228404,0.15790296136608492,0.2113881535345642
174,0.08837902554319788,0.008892775832177877,0.3016486261964596,0.3555375732367707,0.14640033596853905,0.04678167758916364,0.007212247890166685,0.3943260791178564,0.3943260791178564,0.0773445021656019,0.4126074254578757,0.4287208575843341,0.16144808718203044,0.11653274492588304,0.06480718801023522,0.12817482375517897,0.17556359778173675,0.22326108023204533,0.17556359778173675,0.2821976776783241
